                  epoch,         train/box_loss,         train/cls_loss,         train/dfl_loss,   metrics/precision(B),      metrics/recall(B),       metrics/mAP50(B),    metrics/mAP50-95(B),           val/box_loss,           val/cls_loss,           val/dfl_loss,                 lr/pg0,                 lr/pg1,                 lr/pg2
                      1,                 1.4116,                 2.8142,                 1.7548,                0.61343,                0.88257,                 0.8879,                 0.6156,                 1.3926,                 1.3275,                 1.2503,                      0,                      0,                      0
                      2,                 1.2487,                 2.6201,                 1.4408,                0.59679,                 0.8975,                0.88811,                0.61799,                 1.4047,                 1.3515,                 1.2564,             9.5438e-07,             9.5438e-07,             9.5438e-07
                      3,                 1.1419,                 4.2185,                 1.4952,                 0.5793,                0.83333,                0.87396,                0.61303,                 1.4196,                  1.383,                 1.2628,             1.4375e-06,             1.4375e-06,             1.4375e-06
                      4,                 1.2703,                 2.6741,                 1.4522,                0.54597,                0.85485,                0.87203,                0.60507,                 1.4534,                 1.4153,                 1.2776,             1.4494e-06,             1.4494e-06,             1.4494e-06
                      5,                 1.3388,                 2.8937,                 1.6351,                0.57431,                0.83333,                0.87226,                0.59645,                 1.4805,                 1.4483,                 1.2934,             9.9008e-07,             9.9008e-07,             9.9008e-07
